{
  // Use IntelliSense to learn about possible attributes.
  // Hover to view descriptions of existing attributes.
  "version": "0.2.0",
  "configurations": [
    
    {
      "cwd": "${workspaceFolder}",
      "executable": "./bin/executable.elf",
      "name": "Debug with ST-Util",
      "request": "launch",
      "type": "cortex-debug",
      "runToEntryPoint": "main",
      "showDevDebugOutput": "none",
      "servertype": "stutil"
    },
    {
      "cwd": "${workspaceFolder}",
      "executable": "./bin/executable.elf",
      "name": "Debug with ST-Link",
      "request": "launch",
      "type": "cortex-debug",
      "runToEntryPoint": "main",
      "showDevDebugOutput": "none",
      "servertype": "stlink"
    },
    {
      "cwd": "${workspaceFolder}",
      "executable": "./bin/executable.elf",
      "name": "Debug with PyOCD",
      "request": "launch",
      "type": "cortex-debug",
      "runToEntryPoint": "main",
      "showDevDebugOutput": "none",
      "servertype": "pyocd"
    },
    {
      "cwd": "${workspaceRoot}",
      "executable": "./bin/executable.elf",
      "name": "Debug with OpenOCD",
      "request": "launch",
      "type": "cortex-debug",
      "servertype": "openocd",
      "configFiles": [],
      "searchDir": [],
      "runToEntryPoint": "main",
      "showDevDebugOutput": "none"
    },
    {
      "cwd": "${workspaceFolder}",
      "executable": "./bin/executable.elf",
      "name": "Debug with JLink",
      "request": "launch",
      "type": "cortex-debug",
      "device": "",
      "runToEntryPoint": "main",
      "showDevDebugOutput": "none",
      "servertype": "jlink"
    },
    {
      "cwd": "${workspaceFolder}",
      "executable": "./bin/executable.elf",
      "name": "Debug with JLink",
      "request": "launch",
      "type": "cortex-debug",
      "device": "",
      "runToEntryPoint": "main",
      "showDevDebugOutput": "none",
      "servertype": "jlink"
    }
  ]
}
